Mutation,WT_energy,MUT_energy,DDG
FE196D,-12.7894,-12.9131,-0.12369999999999948
FE196Y,-12.9346,-12.932,0.0025999999999992696
FE196M,-12.9346,-12.9388,-0.00420000000000087
FE196E,-12.7894,-12.8929,-0.1034999999999986
FE196T,-12.9319,-12.9314,0.0005000000000006111
FE196A,-12.9346,-12.9319,0.0026999999999990365
FE196S,-12.9346,-12.9324,0.002200000000000202
FE196C,-12.9346,-12.9302,0.004400000000000404
FE196I,-12.9318,-12.9388,-0.006999999999999673
FE196G,-12.9346,-12.9345,9.999999999976694e-05
FE196P,-12.9262,-12.6745,0.2516999999999996
FE196W,-12.9346,-12.9322,0.0023999999999997357
FE196R,-12.9346,-12.8908,0.04379999999999917
FE196V,-12.9306,-12.7215,0.2090999999999994
FE196H,-12.9346,-12.9319,0.0026999999999990365
FE196L,-12.9346,-12.9396,-0.005000000000000782
FE196K,-12.9346,-12.943,-0.008399999999999963
FE196N,-12.9346,-12.936,-0.00140000000000029
FE196Q,-12.9346,-12.9389,-0.004300000000000637
RE154D,-12.8702,-13.062,-0.19179999999999886
RE154N,-12.8702,-12.9645,-0.09429999999999872
RE154H,-12.8702,-12.9645,-0.09429999999999872
RE154G,-12.8702,-12.9645,-0.09429999999999872
RE154L,-12.8702,-12.9645,-0.09429999999999872
RE154A,-12.8702,-12.9645,-0.09429999999999872
RE154V,-12.8702,-12.9645,-0.09429999999999872
RE154F,-12.8702,-12.9645,-0.09429999999999872
RE154Q,-12.8702,-12.9645,-0.09429999999999872
RE154S,-12.8702,-12.9645,-0.09429999999999872
RE154W,-12.8702,-12.9645,-0.09429999999999872
RE154T,-12.8702,-12.9645,-0.09429999999999872
RE154C,-12.8702,-12.9645,-0.09429999999999872
RE154E,-12.8702,-13.0046,-0.1343999999999994
RE154K,-12.8702,-12.9645,-0.09429999999999872
RE154M,-12.8702,-12.9645,-0.09429999999999872
RE154Y,-12.8702,-12.9645,-0.09429999999999872
RE154P,-12.8702,-12.9645,-0.09429999999999872
RE154I,-12.8702,-12.9645,-0.09429999999999872
RE169C,-12.8786,-9.02112,3.8574800000000007
RE169Q,-13.0023,-10.5762,2.4261
RE169P,-12.8786,-9.27851,3.60009
RE169F,-12.8786,-8.79564,4.08296
RE169K,-12.9321,-8.38555,4.54655
RE169S,-12.8786,-9.81298,3.065620000000001
RE169T,-12.8786,-9.70382,3.17478
RE169G,-12.8786,-9.02806,3.8505400000000005
RE169E,-12.7286,-7.46857,5.26003
RE169H,-12.8786,-9.57634,3.3022600000000004
RE169V,-12.8786,-9.10178,3.7768200000000007
RE169N,-12.8786,-9.66385,3.2147500000000004
RE169Y,-12.7907,-9.19535,3.59535
RE169L,-13.0023,-9.30591,3.696389999999999
RE169W,-12.8191,-9.92813,2.890970000000001
RE169M,-12.9321,-10.138,2.7941000000000003
RE169I,-12.8786,-9.18326,3.69534
RE169A,-12.8786,-8.99657,3.8820300000000003
RE169D,-12.605,-7.65917,4.945830000000001
SE127V,-12.9336,-12.1575,0.7760999999999996
SE127K,-12.9336,-12.0362,0.8974000000000011
SE127Q,-12.7644,-11.6966,1.0678
SE127P,-12.9359,-11.9231,1.0128000000000004
SE127H,-13.1326,-5.54323,7.58937
SE127A,-12.9321,-12.9879,-0.05579999999999963
SE127R,-12.9336,-12.1845,0.7491000000000003
SE127N,-12.7644,-9.89024,2.87416
SE127C,-12.9321,-12.9002,0.03190000000000026
SE127M,-13.3204,-13.1838,0.1365999999999996
SE127E,-12.9336,-10.8797,2.0539000000000005
SE127I,-13.1326,-11.2406,1.8919999999999995
SE127F,-13.3204,-9.20773,4.11267
SE127T,-12.7644,-13.1444,-0.379999999999999
SE127W,-13.1326,-5.91583,7.21677
SE127D,-13.3204,-8.44287,4.87753
SE127Y,-13.3204,-10.9403,2.3800999999999988
SE127G,-12.9336,-12.6073,0.3262999999999998
SE127L,-12.9336,-12.0312,0.9024000000000001
YE203P,-12.9314,-12.943,-0.01159999999999961
YE203T,-12.9314,-13.0578,-0.1264000000000003
YE203N,-12.9314,-12.6377,0.2936999999999994
YE203A,-12.9314,-12.9281,0.0032999999999994145
YE203E,-12.9314,-12.9172,0.014200000000000657
YE203Q,-12.9314,-12.9254,0.006000000000000227
YE203V,-12.9314,-12.9284,0.0030000000000001137
YE203G,-12.9314,-12.9281,0.0032999999999994145
YE203W,-12.9314,-12.8922,0.039199999999999235
YE203K,-12.9321,-12.915,0.017100000000001003
YE203D,-12.9314,-12.911,0.020400000000000418
YE203M,-12.9321,-12.9281,0.0039999999999995595
YE203L,-12.9314,-12.9277,0.0037000000000002586
YE203C,-12.9314,-12.9258,0.005599999999999383
YE203F,-12.9321,-12.9348,-0.0026999999999990365
YE203H,-12.9314,-12.9301,0.001300000000000523
YE203I,-12.9314,-12.9278,0.0036000000000004917
YE203R,-12.9321,-12.6323,0.2997999999999994
YE203S,-12.9314,-13.0672,-0.1357999999999997
AE197K,-12.9321,-12.8646,0.06750000000000078
AE197S,-12.9321,-12.9316,0.0005000000000006111
AE197Q,-12.9321,-12.9476,-0.015499999999999403
AE197C,-12.9321,-12.9416,-0.009499999999999176
AE197L,-12.9321,-12.9345,-0.0023999999999997357
AE197G,-12.9321,-12.9321,0.0
AE197H,-12.9321,-12.9368,-0.004699999999999704
AE197E,-12.9321,-13.1377,-0.20560000000000045
AE197D,-12.9321,-13.0822,-0.15010000000000012
AE197F,-12.9321,-12.8882,0.043900000000000716
AE197I,-12.9321,-12.9191,0.0129999999999999
AE197M,-12.9321,-12.9416,-0.009499999999999176
AE197P,-12.9346,-12.9488,-0.014200000000000657
AE197R,-12.9321,-12.7649,0.16719999999999935
AE197N,-12.9321,-12.9275,0.0045999999999999375
AE197V,-12.9321,-12.9206,0.011499999999999844
AE197T,-12.9321,-12.9321,0.0
AE197W,-12.9321,-12.9416,-0.009499999999999176
AE197Y,-12.9321,-12.8521,0.08000000000000007
RE167N,-12.9322,-12.9802,-0.04800000000000004
RE167G,-12.9314,-12.8366,0.09479999999999933
RE167L,-12.9322,-12.9985,-0.06630000000000003
RE167M,-12.9322,-13.0063,-0.07409999999999961
RE167F,-12.9314,-12.9891,-0.05770000000000053
RE167A,-12.9322,-13.0532,-0.12100000000000044
RE167Y,-12.9314,-12.8236,0.10779999999999923
RE167S,-12.9322,-13.0698,-0.13760000000000083
RE167P,-12.9314,-12.9113,0.02009999999999934
RE167Q,-12.9322,-12.9882,-0.05600000000000094
RE167W,-12.9314,-13.0525,-0.12110000000000021
RE167H,-12.9322,-12.924,0.00820000000000043
RE167D,-12.9322,-12.9864,-0.054199999999999804
RE167K,-12.9322,-13.0096,-0.0774000000000008
RE167E,-12.9322,-12.9722,-0.040000000000000924
RE167T,-12.9322,-13.0157,-0.0835000000000008
RE167C,-12.9322,-13.0289,-0.09670000000000023
RE167I,-12.9322,-13.0334,-0.1012000000000004
RE167V,-12.9322,-12.9902,-0.05799999999999983
FE156V,-12.9321,-12.9321,0.0
FE156S,-12.9321,-12.9321,0.0
FE156H,-12.9321,-12.9321,0.0
FE156P,-12.9321,-12.9321,0.0
FE156Q,-12.9321,-12.9321,0.0
FE156E,-12.9321,-13.0141,-0.08199999999999896
FE156N,-12.9321,-12.9321,0.0
FE156I,-12.9321,-12.9321,0.0
FE156R,-12.9321,-12.8738,0.05830000000000091
FE156T,-12.9321,-12.9321,0.0
FE156G,-12.9321,-12.9324,-0.0002999999999993008
FE156A,-12.9321,-12.9321,0.0
FE156M,-12.9321,-12.9321,0.0
FE156K,-12.9321,-12.8972,0.034900000000000375
FE156D,-12.9321,-13.0464,-0.11430000000000007
FE156Y,-12.9321,-12.9321,0.0
FE156W,-12.9321,-12.9319,0.00019999999999953388
FE156L,-12.9321,-12.9321,0.0
FE156C,-12.9321,-12.9321,0.0
IE124G,-12.9253,-12.9646,-0.03930000000000078
IE124W,-12.9368,-12.9568,-0.019999999999999574
IE124Y,-12.9302,-12.9613,-0.03110000000000035
IE124A,-12.9294,-12.9473,-0.017900000000000915
IE124S,-12.9294,-12.9607,-0.031299999999999883
IE124V,-12.9323,-12.931,0.001300000000000523
IE124F,-12.9323,-12.9613,-0.028999999999999915
IE124R,-12.9302,-12.9393,-0.009100000000000108
IE124P,-12.9253,-12.9674,-0.04209999999999958
IE124C,-12.9323,-12.9613,-0.028999999999999915
IE124Q,-12.9323,-12.9613,-0.028999999999999915
IE124D,-12.9302,-12.9919,-0.06170000000000009
IE124K,-12.9323,-12.9309,0.00140000000000029
IE124M,-12.9323,-12.9613,-0.028999999999999915
IE124H,-12.9294,-12.9607,-0.031299999999999883
IE124N,-12.9323,-12.9613,-0.028999999999999915
IE124E,-12.9323,-13.0156,-0.08329999999999949
IE124T,-12.9323,-12.9314,0.0008999999999996788
IE124L,-12.9323,-12.9613,-0.028999999999999915
NE161L,-12.9321,-12.8899,0.04219999999999935
NE161Y,-12.9321,-12.8899,0.04219999999999935
NE161F,-12.9321,-12.8899,0.04219999999999935
NE161I,-12.9321,-12.8953,0.0367999999999995
NE161M,-12.9321,-12.8899,0.04219999999999935
NE161R,-12.9321,-12.8306,0.1014999999999997
NE161V,-12.9321,-12.9062,0.025900000000000034
NE161G,-12.9321,-12.8884,0.043699999999999406
NE161E,-12.9321,-12.9602,-0.028100000000000236
NE161D,-12.9321,-12.9683,-0.03619999999999912
NE161S,-12.9321,-12.8986,0.033500000000000085
NE161H,-12.9321,-12.8899,0.04219999999999935
NE161T,-12.9321,-12.908,0.024100000000000676
NE161K,-12.9321,-12.8804,0.0517000000000003
NE161P,-12.9321,-12.9282,0.0038999999999997925
NE161W,-12.9321,-12.8899,0.04219999999999935
NE161A,-12.9321,-12.895,0.03710000000000058
NE161C,-12.9321,-12.8899,0.04219999999999935
NE161Q,-12.9321,-12.9537,-0.021599999999999397
FE131R,-12.939,-13.1497,-0.21069999999999922
FE131C,-12.939,-12.9002,0.03880000000000017
FE131Y,-12.939,-12.9401,-0.0010999999999992127
FE131V,-12.9392,-12.9001,0.03909999999999947
FE131N,-12.939,-12.8907,0.04829999999999934
FE131W,-12.939,-12.9789,-0.03989999999999938
FE131L,-12.939,-12.8984,0.040599999999999525
FE131Q,-12.939,-12.9876,-0.04860000000000042
FE131T,-12.939,-12.9001,0.038899999999999935
FE131S,-12.939,-12.9,0.0389999999999997
FE131D,-12.939,-12.8585,0.08050000000000068
FE131P,-12.939,-12.8781,0.060900000000000176
FE131G,-12.939,-12.9002,0.03880000000000017
FE131E,-12.939,-12.8911,0.047900000000000276
FE131I,-12.939,-12.9214,0.017599999999999838
FE131H,-12.939,-12.9248,0.014200000000000657
FE131M,-12.939,-12.9349,0.004099999999999326
FE131K,-12.939,-12.9846,-0.04560000000000031
FE131A,-12.939,-12.9001,0.038899999999999935
IE126K,-12.8916,-12.9211,-0.02949999999999875
IE126Y,-12.9296,-12.9348,-0.005199999999998539
IE126N,-12.9335,-12.9302,0.003300000000001191
IE126G,-12.8877,-12.8798,0.007900000000001128
IE126F,-12.9296,-12.9275,0.002100000000000435
IE126T,-12.8916,-12.9384,-0.04679999999999929
IE126Q,-12.9335,-12.927,0.0065000000000008384
IE126A,-12.8916,-12.9334,-0.04180000000000028
IE126S,-12.8916,-12.9243,-0.03270000000000017
IE126E,-12.6587,-12.6269,0.031800000000000495
IE126D,-12.9335,-12.858,0.0754999999999999
IE126W,-12.929,-12.9873,-0.05829999999999913
IE126C,-12.8916,-12.9496,-0.05799999999999983
IE126P,-12.8916,-12.8953,-0.0037000000000002586
IE126R,-12.9326,-13.0571,-0.12449999999999939
IE126M,-12.9335,-12.9435,-0.009999999999999787
IE126L,-12.9335,-12.9051,0.028400000000001313
IE126V,-12.8916,-12.9445,-0.05289999999999928
IE126H,-12.9296,-12.9302,-0.0005999999999986017
GE128D,-12.7843,-4.63143,8.15287
GE128T,-12.7846,-3.5381,9.2465
GE128Q,-12.9411,-5.79469,7.14641
GE128H,-12.9411,16.1377,29.0788
GE128E,-12.7843,-4.90081,7.88349
GE128V,-12.7772,-3.27786,9.49934
GE128N,-12.9411,-5.61449,7.3266100000000005
GE128W,-12.9411,12.2244,25.1655
GE128Y,-12.9411,5.67548,18.61658
GE128A,-12.9321,-9.5631,3.3689999999999998
GE128L,-12.325,-2.68432,9.64068
GE128C,-12.9411,-7.37089,5.57021
GE128F,-12.9411,5.41251,18.35361
GE128K,-12.9411,-6.09499,6.84611
GE128R,-12.7772,-4.23126,8.545940000000002
GE128S,-12.9321,-8.09209,4.8400099999999995
GE128P,-12.9321,-2.77449,10.15761
GE128M,-12.6342,-6.6695,5.9647
GE128I,-12.9411,-3.35476,9.58634
FE164N,-13.1348,-8.51073,4.62407
FE164W,-13.1439,-12.8592,0.28470000000000084
FE164Q,-13.1348,-10.4255,2.7093000000000007
FE164R,-13.1348,-8.58556,4.549240000000001
FE164A,-13.1348,-9.74357,3.39123
FE164L,-13.1348,-10.395,2.7398000000000007
FE164P,-13.1348,-9.93496,3.19984
FE164K,-13.1348,-8.76225,4.37255
FE164T,-13.1348,-11.4969,1.6379000000000001
FE164V,-13.1348,-10.1544,2.9803999999999995
FE164M,-13.1348,-10.954,2.1807999999999996
FE164G,-13.1348,-9.47171,3.6630900000000004
FE164H,-13.1348,-10.0282,3.1066000000000003
FE164S,-13.1348,-10.6937,2.4411000000000005
FE164E,-13.1348,-10.1019,3.0328999999999997
FE164C,-13.1348,-9.7983,3.336500000000001
FE164D,-13.1348,-10.0819,3.052900000000001
FE164Y,-13.1698,-13.3564,-0.18660000000000032
FE164I,-13.1348,-10.3544,2.7804
VE189Q,-12.9316,-12.9757,-0.04410000000000025
VE189K,-12.9321,-12.9436,-0.011499999999999844
VE189G,-12.9316,-12.9006,0.030999999999998806
VE189A,-12.9316,-12.9121,0.019499999999998963
VE189F,-12.9317,-13.4012,-0.46950000000000003
VE189M,-12.9316,-13.0459,-0.11430000000000007
VE189E,-12.9316,-12.9947,-0.06310000000000038
VE189H,-12.9316,-12.9644,-0.03279999999999994
VE189D,-12.9316,-13.0208,-0.08919999999999995
VE189C,-12.9321,-12.9212,0.010899999999999466
VE189Y,-12.9316,-13.0466,-0.11500000000000021
VE189L,-12.9316,-13.052,-0.12040000000000006
VE189W,-12.9317,-13.1114,-0.17970000000000041
VE189I,-12.9317,-13.1221,-0.19040000000000035
VE189R,-12.9321,-12.8806,0.05150000000000077
VE189N,-12.9321,-12.9041,0.02800000000000047
VE189S,-12.9316,-12.9124,0.019199999999999662
VE189T,-12.9321,-12.9363,-0.004199999999999093
VE189P,-12.9316,-12.928,0.0035999999999987153
NE168G,-12.8282,-12.5797,0.24849999999999994
NE168P,-12.9312,-13.1778,-0.24659999999999904
NE168Q,-12.8282,-13.3661,-0.5378999999999987
NE168T,-12.8539,-12.731,0.12289999999999957
NE168A,-12.8282,-12.8237,0.0045000000000001705
NE168I,-12.8539,-12.9746,-0.12070000000000114
NE168F,-12.8282,-15.5741,-2.745899999999999
NE168C,-12.8539,-13.0621,-0.20819999999999972
NE168K,-12.8282,-12.6614,0.16680000000000028
NE168S,-12.8282,-12.2072,0.6210000000000004
NE168Y,-12.8282,-13.788,-0.9597999999999995
NE168V,-12.9312,-13.2013,-0.27009999999999934
NE168R,-12.8282,-13.5809,-0.752699999999999
NE168D,-12.8539,-12.5708,0.28309999999999924
NE168M,-12.8282,-13.118,-0.2897999999999996
NE168W,-12.8539,-15.486,-2.632100000000001
NE168L,-12.8539,-13.3776,-0.5236999999999998
NE168H,-12.861,-12.9821,-0.12110000000000021
NE168E,-12.8539,-11.5707,1.283199999999999
LE193C,-12.9321,-12.9265,0.005599999999999383
LE193Y,-12.9321,-12.9214,0.010699999999999932
LE193N,-12.9321,-12.912,0.02009999999999934
LE193S,-12.9321,-12.9123,0.01980000000000004
LE193M,-12.9321,-12.9387,-0.006600000000000605
LE193P,-12.9321,-12.9052,0.02689999999999948
LE193V,-12.9321,-12.9414,-0.009299999999999642
LE193R,-12.9321,-12.8158,0.11630000000000074
LE193H,-12.9321,-12.9024,0.02970000000000006
LE193D,-12.9321,-13.5474,-0.6152999999999995
LE193G,-12.9321,-12.9264,0.0057000000000009265
LE193T,-12.9321,-12.9098,0.022299999999999542
LE193A,-12.9321,-12.9202,0.011900000000000688
LE193F,-12.9321,-12.9231,0.009000000000000341
LE193W,-12.9321,-12.9458,-0.013700000000000045
LE193Q,-12.9321,-12.9301,0.002000000000000668
LE193K,-12.9321,-12.8387,0.09340000000000082
LE193E,-12.9321,-13.0273,-0.09520000000000017
LE193I,-12.9321,-12.9388,-0.006700000000000372
FE202P,-12.9314,-12.7062,0.22519999999999918
FE202M,-12.9322,-12.9319,0.0002999999999993008
FE202L,-12.9322,-12.94,-0.007799999999999585
FE202Q,-12.9314,-12.9341,-0.002700000000000813
FE202A,-12.9314,-12.9661,-0.03470000000000084
FE202N,-12.9322,-12.9627,-0.03049999999999997
FE202V,-12.9314,-12.682,0.24939999999999962
FE202K,-12.9314,-12.9717,-0.040300000000000225
FE202R,-12.9314,-12.835,0.09639999999999915
FE202G,-12.9314,-12.9676,-0.03619999999999912
FE202S,-12.9314,-12.9472,-0.01580000000000048
FE202C,-12.9322,-12.9609,-0.028700000000000614
FE202Y,-12.9322,-12.9296,0.0025999999999992696
FE202D,-12.9322,-13.9708,-1.0386000000000006
FE202T,-12.9314,-12.8568,0.07460000000000022
FE202H,-12.9322,-12.9346,-0.0023999999999997357
FE202W,-12.9322,-12.9263,0.00590000000000046
FE202E,-12.9314,-12.9831,-0.0517000000000003
FE202I,-12.9314,-12.6955,0.2359000000000009
DE166K,-13.3206,-10.8791,2.4415000000000013
DE166T,-13.3189,-10.2078,3.1110999999999986
DE166P,-13.3189,-10.7261,2.5927999999999987
DE166V,-13.5719,-11.707,1.8648999999999987
DE166R,-13.0469,-10.9996,2.0473000000000017
DE166W,-13.3189,-10.5545,2.7643999999999984
DE166E,-12.9321,-12.2688,0.6632999999999996
DE166Q,-13.3189,-11.0047,2.3141999999999996
DE166F,-13.3189,-10.6269,2.692
DE166Y,-13.3189,-10.5544,2.7645
DE166I,-13.5719,-11.7804,1.7914999999999992
DE166N,-13.3189,-10.9292,2.3896999999999995
DE166L,-13.3189,-11.8367,1.4821999999999989
DE166G,-13.3189,-10.3563,2.9626
DE166C,-13.3189,-11.0441,2.274799999999999
DE166S,-13.3189,-9.78735,3.5315499999999993
DE166A,-13.3189,-10.2798,3.0390999999999995
DE166M,-13.3189,-11.6089,1.709999999999999
DE166H,-13.3189,-10.0533,3.265599999999999
DE157K,-12.9321,-12.0114,0.9207000000000001
DE157C,-12.9321,-12.3682,0.5639000000000003
DE157S,-12.9321,-12.2888,0.6433
DE157G,-12.9321,-12.4208,0.5113000000000003
DE157N,-12.9321,-12.5947,0.3374000000000006
DE157A,-12.9321,-12.3917,0.5404
DE157M,-12.9321,-12.3916,0.5404999999999998
DE157F,-12.9321,-12.842,0.09009999999999962
DE157L,-12.9321,-12.4517,0.4803999999999995
DE157Y,-12.9321,-12.4563,0.47579999999999956
DE157T,-12.9321,-12.1456,0.7865000000000002
DE157E,-12.9321,-12.8342,0.09790000000000099
DE157R,-12.9321,-13.4478,-0.5157000000000007
DE157Q,-12.9321,-12.7887,0.14339999999999975
DE157W,-12.9321,-11.3628,1.5693000000000001
DE157I,-12.9321,-12.303,0.6290999999999993
DE157V,-12.9321,-13.8541,-0.9220000000000006
DE157P,-12.9321,-12.2918,0.6402999999999999
DE157H,-12.9321,-12.0598,0.872300000000001
NE125M,-13.8842,-11.9769,1.9072999999999993
NE125C,-12.9407,-12.8159,0.12480000000000047
NE125S,-13.8842,-12.0707,1.8134999999999994
NE125Q,-12.9407,-13.5559,-0.6151999999999997
NE125G,-13.8842,-12.3159,1.5683000000000007
NE125T,-13.8842,-12.6524,1.2317999999999998
NE125K,-13.8842,-12.7552,1.1289999999999996
NE125L,-13.8842,-12.7646,1.1196000000000002
NE125A,-13.8842,-12.2989,1.5853000000000002
NE125W,-12.9271,-12.9506,-0.0235000000000003
NE125F,-12.9271,-11.8363,1.0907999999999998
NE125I,-14.023,-12.0166,2.0063999999999993
NE125R,-13.8877,-12.7151,1.172600000000001
NE125P,-13.8842,-12.4206,1.4635999999999996
NE125D,-12.9407,-12.3844,0.5563000000000002
NE125E,-13.8842,-12.3942,1.4900000000000002
NE125H,-13.8968,-12.3809,1.5159000000000002
NE125Y,-13.8968,-10.9547,2.9421
NE125V,-13.8968,-13.0013,0.8955000000000002
NE190T,-12.9321,-11.4764,1.4557000000000002
NE190P,-12.9321,-11.6381,1.2940000000000005
NE190F,-12.9321,-11.7751,1.157
NE190Y,-12.9321,-11.6434,1.2887000000000004
NE190H,-12.9321,-11.5743,1.357800000000001
NE190D,-12.9321,-12.9798,-0.047699999999998965
NE190A,-12.9321,-11.6749,1.257200000000001
NE190G,-12.9321,-11.7087,1.2233999999999998
NE190C,-12.9321,-11.6578,1.2743000000000002
NE190K,-12.9321,-12.0628,0.8693000000000008
NE190V,-12.9321,-11.6344,1.2977000000000007
NE190L,-12.9321,-11.7727,1.1593999999999998
NE190Q,-12.9321,-11.1002,1.831900000000001
NE190E,-12.9321,-11.5928,1.3392999999999997
NE190R,-12.9321,-11.731,1.2011000000000003
NE190W,-12.9328,-11.4036,1.5291999999999994
NE190M,-12.9321,-12.516,0.41610000000000014
NE190I,-12.9321,-11.6861,1.2460000000000004
NE190S,-12.9321,-11.627,1.3050999999999995
EE199W,-12.7356,-12.1854,0.5502000000000002
EE199N,-12.7489,-12.5218,0.22710000000000008
EE199L,-12.8468,-12.6979,0.14889999999999937
EE199G,-12.6812,-12.5726,0.10860000000000092
EE199A,-12.6812,-12.5726,0.10860000000000092
EE199Q,-12.6517,-12.8122,-0.16050000000000075
EE199R,-12.7097,-12.9099,-0.2002000000000006
EE199H,-12.8468,-12.5532,0.29359999999999964
EE199M,-12.8468,-13.6041,-0.7573000000000008
EE199D,-12.6583,-12.6511,0.007200000000000983
EE199P,-12.6753,-12.4376,0.23770000000000024
EE199K,-12.8719,-12.4606,0.41130000000000067
EE199T,-12.6807,-12.5325,0.14819999999999922
EE199C,-12.6818,-12.5718,0.11000000000000121
EE199Y,-12.8468,-11.6633,1.1835000000000004
EE199S,-12.6812,-12.5726,0.10860000000000092
EE199V,-12.6812,-12.5677,0.11350000000000016
EE199I,-12.6517,-12.6809,-0.02919999999999945
EE199F,-12.8534,-12.6308,0.2225999999999999
LE159A,-12.9321,-12.7501,0.18200000000000038
LE159E,-12.9321,-13.2342,-0.30209999999999937
LE159V,-12.9321,-12.8597,0.07240000000000002
LE159S,-12.9321,-12.9363,-0.004199999999999093
LE159K,-12.9321,-12.7213,0.21080000000000076
LE159M,-12.9321,-12.9722,-0.04010000000000069
LE159C,-12.9321,-12.8013,0.1308000000000007
LE159F,-12.9321,-12.8989,0.033200000000000784
LE159G,-12.9321,-12.6424,0.28969999999999985
LE159W,-12.9321,-12.8762,0.055899999999999395
LE159H,-12.9321,-12.8772,0.05489999999999995
LE159I,-12.9321,-12.9244,0.007699999999999818
LE159R,-12.9321,-12.5942,0.3378999999999994
LE159Q,-12.9321,-12.809,0.12310000000000088
LE159T,-12.9321,-12.8288,0.10330000000000084
LE159Y,-12.9321,-12.8503,0.08179999999999943
LE159N,-12.9321,-12.8301,0.10200000000000031
LE159P,-12.9321,-13.99,-1.0579
LE159D,-12.9321,-13.0621,-0.129999999999999
YE155K,-12.9673,-12.9089,0.058400000000000674
YE155A,-12.9286,-12.9649,-0.036300000000000665
YE155C,-12.9649,-12.9734,-0.00849999999999973
YE155Q,-12.9673,-12.9763,-0.009000000000000341
YE155D,-12.9673,-13.0606,-0.09330000000000105
YE155P,-12.9321,-12.9249,0.007200000000000983
YE155G,-12.9659,-12.9649,0.0009999999999994458
YE155S,-12.9649,-12.9649,0.0
YE155R,-12.9273,-12.8468,0.08050000000000068
YE155F,-12.9273,-12.9313,-0.0039999999999995595
YE155M,-12.9673,-12.9649,0.0023999999999997357
YE155V,-12.9673,-12.9692,-0.001900000000000901
YE155L,-12.9673,-12.9675,-0.00019999999999953388
YE155T,-12.9673,-12.9649,0.0023999999999997357
YE155N,-12.9649,-12.9649,0.0
YE155I,-12.9673,-12.9671,0.00019999999999953388
YE155W,-12.9326,-12.9277,0.004900000000001015
YE155E,-12.9649,-13.0529,-0.08799999999999919
YE155H,-12.9649,-12.8955,0.0693999999999999
VE191A,-12.9301,-12.8997,0.030400000000000205
VE191M,-12.7461,-12.2993,0.44679999999999964
VE191T,-12.9301,-12.9339,-0.0038000000000000256
VE191G,-12.9309,-12.9467,-0.01580000000000048
VE191P,-12.9259,-12.9246,0.001300000000000523
VE191E,-12.9308,-12.9335,-0.002700000000000813
VE191N,-12.78,-12.7927,-0.0127000000000006
VE191R,-12.9309,-12.5663,0.36459999999999937
VE191I,-12.9178,-12.9199,-0.002100000000000435
VE191W,-12.7796,-12.938,-0.15840000000000032
VE191S,-12.9301,-12.9303,-0.00020000000000131024
VE191Q,-12.9309,-12.7202,0.21069999999999922
VE191L,-12.78,-12.4208,0.3591999999999995
VE191K,-12.9301,-12.5453,0.38480000000000025
VE191Y,-12.78,-11.6994,1.0805999999999987
VE191H,-12.7796,-12.0693,0.7103000000000002
VE191F,-12.7795,-12.64,0.13949999999999996
VE191C,-12.9301,-12.944,-0.013900000000001356
VE191D,-12.78,-13.0768,-0.29680000000000106
RE160T,-12.9411,-12.4225,0.5186000000000011
RE160W,-12.9411,-12.9808,-0.039699999999999847
RE160A,-12.9411,-12.4404,0.5007000000000001
RE160M,-12.9411,-12.9302,0.010900000000001242
RE160S,-12.9411,-12.4433,0.4977999999999998
RE160Y,-12.9411,-12.6276,0.3135000000000012
RE160H,-12.9411,-12.2483,0.6928000000000001
RE160K,-12.9321,-12.4247,0.5074000000000005
RE160Q,-12.9411,-12.4424,0.49870000000000125
RE160I,-12.9411,-12.6192,0.3219000000000012
RE160C,-12.9411,-12.4798,0.4613000000000014
RE160G,-12.9411,-12.3979,0.5432000000000006
RE160V,-12.9411,-12.4962,0.4449000000000005
RE160N,-12.9411,-12.4307,0.5104000000000006
RE160P,-12.9321,-13.1455,-0.21340000000000003
RE160F,-12.9411,-12.5911,0.34999999999999964
RE160E,-12.9321,-12.659,0.27309999999999945
RE160L,-12.9411,-12.658,0.283100000000001
RE160D,-12.9321,-12.6598,0.27229999999999954
HE123P,-12.9321,-12.9306,0.0015000000000000568
HE123C,-12.9321,-12.9296,0.0024999999999995026
HE123D,-12.9168,-12.9347,-0.01789999999999914
HE123E,-12.9321,-12.953,-0.020899999999999253
HE123Y,-12.9321,-12.9301,0.002000000000000668
HE123V,-12.9321,-12.8669,0.06520000000000081
HE123N,-12.9321,-12.9373,-0.0052000000000003155
HE123F,-12.9321,-12.9303,0.0017999999999993577
HE123Q,-12.9321,-12.9294,0.002700000000000813
HE123M,-12.9321,-12.9252,0.006899999999999906
HE123G,-12.9321,-12.9305,0.0015999999999998238
HE123A,-12.9321,-12.93,0.002100000000000435
HE123I,-12.9321,-12.9971,-0.0649999999999995
HE123W,-12.9321,-12.938,-0.00590000000000046
HE123R,-12.9321,-12.9139,0.018200000000000216
HE123S,-12.9321,-12.9301,0.002000000000000668
HE123L,-12.9321,-12.9272,0.004900000000001015
HE123K,-12.9321,-12.9091,0.022999999999999687
HE123T,-12.9321,-12.932,9.999999999976694e-05
FE165N,-12.9314,-12.932,-0.000600000000000378
FE165K,-12.9314,-12.8937,0.03769999999999918
FE165H,-12.9314,-12.9288,0.0025999999999992696
FE165V,-12.9337,-12.9322,0.0015000000000000568
FE165L,-12.9314,-12.9308,0.000600000000000378
FE165G,-12.9314,-12.9135,0.01789999999999914
FE165P,-12.9314,-12.8054,0.12599999999999945
FE165W,-12.9291,-12.9415,-0.012399999999999523
FE165S,-12.9314,-12.9321,-0.000700000000000145
FE165Y,-12.9314,-12.9321,-0.000700000000000145
FE165T,-12.9314,-12.9298,0.0015999999999998238
FE165C,-12.9314,-12.9321,-0.000700000000000145
FE165I,-12.9314,-12.9299,0.0015000000000000568
FE165A,-12.9314,-12.9321,-0.000700000000000145
FE165E,-12.9314,-13.011,-0.07959999999999923
FE165Q,-12.9314,-12.9314,0.0
FE165R,-12.9314,-12.866,0.06540000000000035
FE165D,-12.9314,-12.9997,-0.0683000000000007
FE165M,-12.9314,-12.9321,-0.000700000000000145
LE129M,-12.9525,-12.9641,-0.01159999999999961
LE129Y,-12.9525,-12.5784,0.3741000000000003
LE129R,-12.9525,-12.9723,-0.01980000000000004
LE129I,-12.9525,-13.0976,-0.14509999999999934
LE129V,-12.9525,-12.8755,0.07699999999999996
LE129P,-12.9525,-12.186,0.7665000000000006
LE129S,-12.9525,-12.5524,0.4001000000000001
LE129Q,-12.9525,-12.7226,0.22990000000000066
LE129F,-12.9525,-12.7075,0.245000000000001
LE129D,-12.9525,-12.7858,0.16670000000000051
LE129C,-12.9525,-12.588,0.3645000000000014
LE129G,-12.9525,-12.3661,0.5864000000000011
LE129K,-12.9525,-12.8228,0.1296999999999997
LE129W,-12.9525,-12.7651,0.18740000000000023
LE129H,-12.9525,-12.7031,0.2494000000000014
LE129A,-12.9525,-12.5408,0.41169999999999973
LE129T,-12.9525,-12.627,0.3254999999999999
LE129N,-12.9525,-12.6283,0.32420000000000115
LE129E,-12.9525,-12.746,0.20650000000000013
FE172P,-12.7853,-12.9211,-0.1357999999999997
FE172I,-12.7892,-12.7904,-0.001200000000000756
FE172T,-12.9282,-12.9507,-0.022499999999999076
FE172N,-12.9321,-12.9321,0.0
FE172D,-12.9282,-12.8697,0.05850000000000044
FE172L,-12.9321,-12.9321,0.0
FE172H,-12.9321,-12.9321,0.0
FE172K,-12.9282,-12.9293,-0.0010999999999992127
FE172M,-12.9282,-12.9282,0.0
FE172Q,-12.9321,-12.9321,0.0
FE172S,-12.9282,-12.9641,-0.03589999999999982
FE172E,-12.9282,-12.8928,0.035400000000000986
FE172A,-12.9282,-12.9291,-0.0008999999999996788
FE172Y,-12.9315,-12.9325,-0.0009999999999994458
FE172C,-12.9282,-12.9282,0.0
FE172W,-12.9276,-12.9349,-0.00730000000000075
FE172R,-12.9282,-12.9696,-0.04139999999999944
FE172V,-12.9282,-12.9349,-0.006700000000000372
FE172G,-12.9282,-12.9263,0.001900000000000901
PE188A,-12.9321,-12.9312,0.0008999999999996788
PE188Q,-12.9321,-12.9479,-0.01580000000000048
PE188C,-12.9321,-13.0164,-0.08430000000000071
PE188G,-12.9294,-12.9324,-0.0030000000000001137
PE188W,-12.9321,-12.9312,0.0008999999999996788
PE188V,-12.9329,-12.9523,-0.019399999999999196
PE188L,-12.9358,-12.9349,0.0008999999999996788
PE188K,-12.9358,-12.9928,-0.057000000000000384
PE188T,-12.9329,-12.9532,-0.02030000000000065
PE188I,-12.9329,-12.9519,-0.019000000000000128
PE188E,-12.9329,-13.0789,-0.1460000000000008
PE188R,-12.9329,-12.9924,-0.059499999999999886
PE188N,-12.9321,-12.945,-0.012900000000000134
PE188Y,-12.9321,-12.9364,-0.004300000000000637
PE188H,-12.9329,-12.942,-0.009100000000000108
PE188F,-12.9321,-12.9312,0.0008999999999996788
PE188D,-12.9329,-13.0044,-0.07150000000000034
PE188M,-12.9321,-12.9576,-0.02549999999999919
PE188S,-12.9321,-13.092,-0.15990000000000038
SE192N,-14.2148,-13.0635,1.1513000000000009
SE192W,-14.1822,-16.3498,-2.1675999999999984
SE192Y,-14.1822,-16.2406,-2.0584000000000007
SE192A,-13.0059,-13.2791,-0.2731999999999992
SE192T,-14.1656,-14.2025,-0.03690000000000104
SE192E,-13.2347,-14.5311,-1.2964000000000002
SE192H,-14.2148,-14.7195,-0.5046999999999997
SE192G,-14.1497,-14.261,-0.11129999999999995
SE192P,-13.0053,-13.2753,-0.2699999999999996
SE192I,-14.1497,-14.9474,-0.7977000000000007
SE192M,-14.1656,-15.0758,-0.9101999999999997
SE192Q,-14.1656,-14.7364,-0.5708000000000002
SE192K,-14.1656,-14.7145,-0.5488999999999997
SE192F,-14.1822,-16.3557,-2.173499999999999
SE192R,-13.2347,-15.6313,-2.3965999999999994
SE192D,-12.9259,-13.9129,-0.9870000000000001
SE192L,-14.1656,-15.3509,-1.1852999999999998
SE192V,-14.1497,-15.1587,-1.0090000000000003
SE192C,-14.1656,-14.4579,-0.2923000000000009
RE130E,-12.9321,-12.925,0.00709999999999944
RE130A,-12.9321,-12.8629,0.06920000000000037
RE130G,-12.9321,-12.8767,0.05540000000000056
RE130K,-12.9321,-12.9721,-0.03999999999999915
RE130L,-12.9321,-12.873,0.05910000000000082
RE130H,-12.9321,-12.8688,0.06329999999999991
RE130M,-12.9321,-12.8881,0.04400000000000048
RE130I,-12.9321,-12.8773,0.05480000000000018
RE130N,-12.9321,-12.8647,0.06740000000000101
RE130D,-12.9321,-12.9017,0.030400000000000205
RE130V,-12.9321,-12.8554,0.07670000000000066
RE130F,-12.9321,-12.869,0.06310000000000038
RE130S,-12.9321,-12.8678,0.06429999999999936
RE130Y,-12.9321,-13.1937,-0.2615999999999996
RE130W,-12.9321,-15.9305,-2.9984
RE130P,-12.9321,-12.8717,0.060399999999999565
RE130Q,-12.9321,-12.8685,0.06360000000000099
RE130T,-12.9321,-12.8267,0.1053999999999995
RE130C,-12.9321,-12.8685,0.06360000000000099
DE198A,-12.9321,-12.4561,0.47600000000000087
DE198N,-12.9321,-12.4363,0.4958000000000009
DE198K,-12.9321,-12.0714,0.8606999999999996
DE198C,-12.9321,-12.5164,0.4156999999999993
DE198G,-12.9321,-12.515,0.4170999999999996
DE198S,-12.9321,-12.105,0.8270999999999997
DE198L,-12.9321,-12.4639,0.4681999999999995
DE198V,-12.9321,-12.5359,0.39620000000000033
DE198F,-12.9321,-12.4388,0.4932999999999996
DE198W,-12.9321,-12.5925,0.3396000000000008
DE198M,-12.9321,-12.4571,0.47499999999999964
DE198I,-12.9321,-12.5224,0.40970000000000084
DE198P,-12.9321,-11.9712,0.9609000000000005
DE198Y,-12.9321,-12.4414,0.49070000000000036
DE198R,-12.9321,-11.9417,0.9903999999999993
DE198T,-12.9321,-12.1043,0.8277999999999999
DE198E,-12.9321,-12.5924,0.33970000000000056
DE198H,-12.9321,-12.4307,0.5014000000000003
DE198Q,-12.9321,-12.4455,0.48660000000000103
SE171F,-12.8373,-12.0437,0.7936000000000014
SE171M,-12.8371,-12.436,0.40109999999999957
SE171T,-12.8604,-12.8075,0.05290000000000106
SE171V,-12.8213,-12.8292,-0.007899999999999352
SE171P,-12.8604,-12.5534,0.3070000000000004
SE171A,-12.7892,-12.7861,0.0030999999999998806
SE171Q,-12.8373,-12.375,0.4623000000000008
SE171N,-12.8604,-12.7035,0.15690000000000026
SE171D,-12.8604,-12.9957,-0.1352999999999991
SE171I,-12.8371,-12.5793,0.2577999999999996
SE171K,-12.8604,-12.3157,0.5447000000000006
SE171C,-12.8604,-12.6413,0.21910000000000096
SE171R,-12.8336,-12.6255,0.20809999999999995
SE171E,-12.7892,-12.5607,0.2284999999999986
SE171W,-12.8371,-11.2832,1.5538999999999987
SE171H,-12.8371,-12.5751,0.2619999999999987
SE171L,-12.8371,-12.5985,0.23859999999999992
SE171Y,-12.8371,-11.3478,1.4893
SE171G,-12.7892,-12.7793,0.00990000000000002
EE162G,-12.9321,-10.8565,2.0755999999999997
EE162L,-12.9321,-11.1909,1.741200000000001
EE162P,-12.9321,-11.0622,1.8698999999999995
EE162T,-12.9321,-11.0745,1.8575999999999997
EE162C,-12.9321,-10.992,1.9400999999999993
EE162V,-12.9321,-11.1765,1.7555999999999994
EE162N,-12.9321,-10.8986,2.0335
EE162I,-12.9321,-11.1594,1.7727000000000004
EE162W,-12.9321,-11.2119,1.7202000000000002
EE162F,-12.9321,-11.1175,1.8146000000000004
EE162Q,-12.9321,-10.9378,1.9943000000000008
EE162R,-12.9321,-10.9767,1.955400000000001
EE162H,-12.9321,-13.0917,-0.1595999999999993
EE162A,-12.9321,-10.8989,2.033200000000001
EE162K,-12.9321,-10.9121,2.0199999999999996
EE162M,-12.9321,-11.0904,1.8416999999999994
EE162D,-12.9321,-11.0171,1.915000000000001
EE162Y,-12.9321,-11.1137,1.8184000000000005
EE162S,-12.9321,-10.9099,2.0221999999999998
PE170A,-12.9321,-12.7664,0.1656999999999993
PE170Q,-12.9321,-12.7577,0.17440000000000033
PE170Y,-12.9321,-12.8537,0.07840000000000025
PE170K,-12.9321,-12.8592,0.07290000000000063
PE170S,-12.9321,-12.7576,0.1745000000000001
PE170D,-12.9321,-12.6316,0.30049999999999955
PE170L,-12.9321,-12.7392,0.19289999999999985
PE170H,-12.9321,-12.7394,0.19270000000000032
PE170V,-12.9321,-12.7435,0.188600000000001
PE170N,-12.9321,-12.7593,0.1728000000000005
PE170G,-12.9321,-12.7469,0.18520000000000003
PE170E,-12.9321,-12.6537,0.27839999999999954
PE170T,-12.9321,-12.7358,0.1963000000000008
PE170R,-12.9321,-13.3196,-0.3874999999999993
PE170W,-12.9321,-12.7712,0.16089999999999982
PE170C,-12.9321,-12.7771,0.15499999999999936
PE170F,-12.9321,-12.8161,0.11599999999999966
PE170M,-12.9321,-12.7436,0.18849999999999945
PE170I,-12.9294,-12.7335,0.19589999999999996
YE163S,-12.9321,-12.9321,0.0
YE163V,-12.9323,-12.9398,-0.007500000000000284
YE163A,-12.9321,-12.9321,0.0
YE163P,-12.9321,-12.9312,0.0008999999999996788
YE163H,-12.9321,-12.8836,0.048500000000000654
YE163M,-12.9321,-12.9321,0.0
YE163F,-12.9321,-12.9321,0.0
YE163K,-12.9321,-12.862,0.07010000000000005
YE163G,-12.9321,-12.9425,-0.010400000000000631
YE163R,-12.9321,-12.8303,0.10180000000000078
YE163D,-12.9321,-12.9691,-0.036999999999999034
YE163N,-12.9321,-12.8469,0.08520000000000039
YE163T,-12.9321,-12.9321,0.0
YE163E,-12.9321,-13.0305,-0.09839999999999982
YE163C,-12.9321,-12.9321,0.0
YE163Q,-12.9321,-12.9321,0.0
YE163W,-12.9321,-12.9321,0.0
YE163L,-12.9321,-12.9412,-0.009100000000000108
YE163I,-12.9314,-12.9541,-0.022700000000000387
IE200L,-12.9321,-12.9321,0.0
IE200P,-12.9321,-12.9399,-0.007799999999999585
IE200E,-12.9321,-13.0369,-0.10479999999999912
IE200N,-12.9321,-12.9321,0.0
IE200G,-12.9321,-12.9321,0.0
IE200D,-12.9321,-13.0286,-0.0965000000000007
IE200A,-12.9321,-12.9321,0.0
IE200T,-12.9321,-12.9321,0.0
IE200H,-12.9321,-12.9321,0.0
IE200V,-12.9321,-12.9321,0.0
IE200C,-12.9321,-12.9321,0.0
IE200W,-12.9346,-12.9312,0.0033999999999991815
IE200M,-12.9321,-12.9321,0.0
IE200K,-12.9321,-12.9349,-0.00280000000000058
IE200S,-12.9321,-12.9321,0.0
IE200Q,-12.9321,-12.9321,0.0
IE200R,-12.9321,-12.8694,0.06269999999999953
IE200Y,-12.9321,-12.9321,0.0
IE200F,-12.9346,-12.931,0.0036000000000004917
PE158W,-12.9321,-12.8324,0.09970000000000034
PE158Y,-12.9321,-12.897,0.03509999999999991
PE158C,-12.9321,-12.8911,0.04100000000000037
PE158A,-12.9321,-12.835,0.0970999999999993
PE158E,-12.9321,-13.1004,-0.16830000000000034
PE158T,-12.9321,-12.882,0.05010000000000048
PE158L,-12.9321,-12.899,0.03310000000000102
PE158Q,-12.9321,-12.9402,-0.008100000000000662
PE158R,-12.9321,-12.7187,0.21340000000000003
PE158H,-12.9321,-12.8668,0.06530000000000058
PE158N,-12.9321,-12.8668,0.06530000000000058
PE158G,-12.9321,-12.831,0.10110000000000063
PE158M,-12.9321,-12.8324,0.09970000000000034
PE158V,-12.9321,-12.8824,0.04969999999999963
PE158D,-12.9321,-12.9489,-0.016799999999999926
PE158F,-12.9321,-12.96,-0.027900000000000702
PE158I,-12.9321,-12.8824,0.04969999999999963
PE158S,-12.9321,-12.8366,0.09549999999999947
PE158K,-12.9321,-12.821,0.11110000000000042
DE194N,-13.0119,-12.4112,0.6007000000000016
DE194K,-12.9239,-12.4818,0.44209999999999994
DE194M,-13.0119,-12.285,0.7269000000000005
DE194L,-13.0119,-12.285,0.7269000000000005
DE194Y,-13.0119,-12.285,0.7269000000000005
DE194P,-13.0119,-12.3881,0.623800000000001
DE194E,-14.2127,-12.7559,1.4567999999999994
DE194R,-12.9239,-12.1228,0.8010999999999999
DE194W,-13.0119,-12.285,0.7269000000000005
DE194A,-13.0119,-12.5292,0.48270000000000124
DE194G,-13.0119,-12.2666,0.7453000000000003
DE194S,-13.0119,-12.346,0.6659000000000006
DE194T,-13.0119,-12.324,0.6879000000000008
DE194H,-13.0119,-12.513,0.4989000000000008
DE194F,-13.0119,-12.285,0.7269000000000005
DE194C,-13.0119,-12.4106,0.6013000000000002
DE194I,-13.0119,-12.3324,0.6795000000000009
DE194V,-13.0119,-12.5864,0.4255000000000013
DE194Q,-13.0119,-12.285,0.7269000000000005
RE187I,-12.9321,-13.0919,-0.1598000000000006
RE187T,-12.9321,-13.1121,-0.17999999999999972
RE187K,-12.9321,-13.1117,-0.17960000000000065
RE187Y,-12.9321,-13.0986,-0.1664999999999992
RE187N,-12.9321,-13.0718,-0.1396999999999995
RE187H,-12.9321,-12.523,0.40910000000000046
RE187D,-12.9321,-13.1331,-0.2010000000000005
RE187P,-12.9321,-13.1113,-0.1791999999999998
RE187Q,-12.9321,-13.1242,-0.19209999999999994
RE187L,-12.9321,-13.0914,-0.1593
RE187A,-12.9321,-13.089,-0.15690000000000026
RE187S,-12.9321,-13.089,-0.15690000000000026
RE187E,-12.9321,-13.7652,-0.8331
RE187F,-12.9321,-13.1254,-0.1933000000000007
RE187W,-12.9321,-13.1113,-0.1791999999999998
RE187C,-12.9321,-13.089,-0.15690000000000026
RE187V,-12.9321,-13.114,-0.18190000000000062
RE187M,-12.9321,-13.1214,-0.18929999999999936
RE187G,-12.9321,-13.0577,-0.12560000000000038
VE195A,-12.9321,-12.3801,0.5519999999999996
VE195R,-12.9321,-13.234,-0.30189999999999984
VE195G,-12.9321,-12.2137,0.7184000000000008
VE195Q,-13.0119,-12.5394,0.47250000000000014
VE195K,-12.9321,-12.2989,0.6332000000000004
VE195H,-13.012,-13.0802,-0.06819999999999915
VE195I,-13.0119,-13.022,-0.010099999999999554
VE195W,-13.0119,-13.5904,-0.5785
VE195D,-12.9321,-13.339,-0.40690000000000026
VE195P,-12.9321,-12.3454,0.5867000000000004
VE195N,-13.0119,-12.5092,0.5027000000000008
VE195L,-12.9321,-12.9702,-0.03810000000000002
VE195M,-12.9321,-13.0067,-0.07460000000000022
VE195C,-12.9321,-12.5231,0.4090000000000007
VE195S,-12.9321,-12.242,0.6900999999999993
VE195F,-13.0119,-13.5667,-0.5548000000000002
VE195T,-12.9321,-12.5359,0.39620000000000033
VE195Y,-13.0119,-13.903,-0.8910999999999998
VE195E,-12.9321,-12.3192,0.6128999999999998
